584,7,,,,,,
Team1,Team2,Venue,Home Team,Start Time,Toss winner,Toss winner's decision,Match Winner
Royal Challengers Bangalore,Kolkata Knight Riders,M Chinnaswamy Stadium,Team 1,8pm,Royal Challengers Bangalore,field,Kolkata Knight Riders
Kings XI Punjab,Chennai Super Kings,"Punjab Cricket Association Stadium, Mohali",Team 1,4pm,Chennai Super Kings,bat,Chennai Super Kings
Delhi Daredevils,Rajasthan Royals,Feroz Shah Kotla,Team 1,8pm,Rajasthan Royals,bat,Delhi Daredevils
Kolkata Knight Riders,Deccan Chargers,Eden Gardens,Team 1,4pm,Deccan Chargers,bat,Kolkata Knight Riders
Mumbai Indians,Royal Challengers Bangalore,Wankhede Stadium,Team 1,8pm,Mumbai Indians,bat,Royal Challengers Bangalore
Rajasthan Royals,Kings XI Punjab,Sawai Mansingh Stadium,Team 1,8pm,Kings XI Punjab,bat,Rajasthan Royals
Deccan Chargers,Delhi Daredevils,"Rajiv Gandhi International Stadium, Uppal",Team 1,8pm,Deccan Chargers,bat,Delhi Daredevils
Chennai Super Kings,Mumbai Indians,"MA Chidambaram Stadium, Chepauk",Team 1,8pm,Mumbai Indians,field,Chennai Super Kings
Deccan Chargers,Rajasthan Royals,"Rajiv Gandhi International Stadium, Uppal",Team 1,8pm,Rajasthan Royals,field,Rajasthan Royals
Kings XI Punjab,Mumbai Indians,"Punjab Cricket Association Stadium, Mohali",Team 1,8pm,Mumbai Indians,field,Kings XI Punjab
Chennai Super Kings,Kolkata Knight Riders,"MA Chidambaram Stadium, Chepauk",Team 1,4pm,Kolkata Knight Riders,bat,Chennai Super Kings
Royal Challengers Bangalore,Rajasthan Royals,M Chinnaswamy Stadium,Team 1,8pm,Rajasthan Royals,field,Rajasthan Royals
Kings XI Punjab,Delhi Daredevils,"Punjab Cricket Association Stadium, Mohali",Team 1,4pm,Delhi Daredevils,bat,Kings XI Punjab
Mumbai Indians,Deccan Chargers,Dr DY Patil Sports Academy,Team 1,8pm,Deccan Chargers,field,Deccan Chargers
Royal Challengers Bangalore,Chennai Super Kings,M Chinnaswamy Stadium,Team 1,8pm,Chennai Super Kings,bat,Chennai Super Kings
Kolkata Knight Riders,Mumbai Indians,Eden Gardens,Team 1,8pm,Kolkata Knight Riders,bat,Mumbai Indians
Delhi Daredevils,Royal Challengers Bangalore,Feroz Shah Kotla,Team 1,8pm,Royal Challengers Bangalore,field,Delhi Daredevils
Rajasthan Royals,Kolkata Knight Riders,Sawai Mansingh Stadium,Team 1,4pm,Rajasthan Royals,bat,Rajasthan Royals
Deccan Chargers,Kings XI Punjab,"Rajiv Gandhi International Stadium, Uppal",Team 1,8pm,Kings XI Punjab,field,Kings XI Punjab
Chennai Super Kings,Delhi Daredevils,"MA Chidambaram Stadium, Chepauk",Team 1,8pm,Chennai Super Kings,bat,Delhi Daredevils
Royal Challengers Bangalore,Deccan Chargers,M Chinnaswamy Stadium,Team 1,4pm,Deccan Chargers,field,Royal Challengers Bangalore
Kings XI Punjab,Kolkata Knight Riders,"Punjab Cricket Association Stadium, Mohali",Team 1,8pm,Kings XI Punjab,bat,Kings XI Punjab
Mumbai Indians,Delhi Daredevils,Dr DY Patil Sports Academy,Team 1,4pm,Delhi Daredevils,field,Mumbai Indians
Rajasthan Royals,Chennai Super Kings,Sawai Mansingh Stadium,Team 1,8pm,Chennai Super Kings,bat,Rajasthan Royals
Royal Challengers Bangalore,Kings XI Punjab,M Chinnaswamy Stadium,Team 1,8pm,Kings XI Punjab,field,Kings XI Punjab
Chennai Super Kings,Deccan Chargers,"MA Chidambaram Stadium, Chepauk",Team 1,8pm,Deccan Chargers,field,Deccan Chargers
Mumbai Indians,Rajasthan Royals,Dr DY Patil Sports Academy,Team 1,8pm,Mumbai Indians,field,Mumbai Indians
Delhi Daredevils,Chennai Super Kings,Feroz Shah Kotla,Team 1,4pm,Chennai Super Kings,field,Chennai Super Kings
Kolkata Knight Riders,Royal Challengers Bangalore,Eden Gardens,Team 1,8pm,Kolkata Knight Riders,bat,Kolkata Knight Riders
Rajasthan Royals,Deccan Chargers,Sawai Mansingh Stadium,Team 1,8pm,Rajasthan Royals,field,Rajasthan Royals
Chennai Super Kings,Kings XI Punjab,"MA Chidambaram Stadium, Chepauk",Team 1,8pm,Kings XI Punjab,field,Chennai Super Kings
Deccan Chargers,Kolkata Knight Riders,"Rajiv Gandhi International Stadium, Uppal",Team 1,4pm,Kolkata Knight Riders,bat,Kolkata Knight Riders
Rajasthan Royals,Delhi Daredevils,Sawai Mansingh Stadium,Team 1,8pm,Rajasthan Royals,field,Rajasthan Royals
Kings XI Punjab,Royal Challengers Bangalore,"Punjab Cricket Association Stadium, Mohali",Team 1,8pm,Royal Challengers Bangalore,bat,Kings XI Punjab
Kolkata Knight Riders,Delhi Daredevils,Eden Gardens,Team 1,8pm,Kolkata Knight Riders,bat,Kolkata Knight Riders
Mumbai Indians,Chennai Super Kings,Wankhede Stadium,Team 1,8pm,Mumbai Indians,field,Mumbai Indians
Delhi Daredevils,Deccan Chargers,Feroz Shah Kotla,Team 1,8pm,Deccan Chargers,field,Delhi Daredevils
Mumbai Indians,Kolkata Knight Riders,Wankhede Stadium,Team 1,8pm,Mumbai Indians,field,Mumbai Indians
Rajasthan Royals,Royal Challengers Bangalore,Sawai Mansingh Stadium,Team 1,4pm,Royal Challengers Bangalore,field,Rajasthan Royals
Delhi Daredevils,Kings XI Punjab,Feroz Shah Kotla,Team 1,8pm,Delhi Daredevils,bat,Kings XI Punjab
Kolkata Knight Riders,Chennai Super Kings,Eden Gardens,Team 1,4pm,Kolkata Knight Riders,bat,Chennai Super Kings
Deccan Chargers,Mumbai Indians,"Rajiv Gandhi International Stadium, Uppal",Team 1,8pm,Deccan Chargers,field,Mumbai Indians
Royal Challengers Bangalore,Delhi Daredevils,M Chinnaswamy Stadium,Team 1,8pm,Delhi Daredevils,field,Delhi Daredevils
Kolkata Knight Riders,Rajasthan Royals,Eden Gardens,Team 1,8pm,Rajasthan Royals,field,Rajasthan Royals
Mumbai Indians,Kings XI Punjab,Wankhede Stadium,Team 1,4pm,Mumbai Indians,field,Kings XI Punjab
Chennai Super Kings,Royal Challengers Bangalore,"MA Chidambaram Stadium, Chepauk",Team 1,8pm,Royal Challengers Bangalore,bat,Royal Challengers Bangalore
Delhi Daredevils,Kolkata Knight Riders,Feroz Shah Kotla,Team 1,8pm,NA,NA,NA
Kings XI Punjab,Deccan Chargers,"Punjab Cricket Association Stadium, Mohali",Team 1,8pm,Kings XI Punjab,field,Kings XI Punjab
Chennai Super Kings,Rajasthan Royals,"MA Chidambaram Stadium, Chepauk",Team 1,4pm,Rajasthan Royals,bat,Rajasthan Royals
Delhi Daredevils,Mumbai Indians,Feroz Shah Kotla,Team 1,8pm,Delhi Daredevils,field,Delhi Daredevils
Deccan Chargers,Royal Challengers Bangalore,"Rajiv Gandhi International Stadium, Uppal",Team 1,4pm,Deccan Chargers,bat,Royal Challengers Bangalore
Kolkata Knight Riders,Kings XI Punjab,Eden Gardens,Team 1,8pm,Kings XI Punjab,bat,Kolkata Knight Riders
Rajasthan Royals,Mumbai Indians,Sawai Mansingh Stadium,Team 1,8pm,Rajasthan Royals,field,Rajasthan Royals
Deccan Chargers,Chennai Super Kings,"Rajiv Gandhi International Stadium, Uppal",Team 1,8pm,Deccan Chargers,bat,Chennai Super Kings
Royal Challengers Bangalore,Mumbai Indians,M Chinnaswamy Stadium,Team 1,4pm,Mumbai Indians,field,Mumbai Indians
Kings XI Punjab,Rajasthan Royals,"Punjab Cricket Association Stadium, Mohali",Team 1,8pm,Rajasthan Royals,field,Kings XI Punjab
Delhi Daredevils,Rajasthan Royals,Wankhede Stadium,NA,8pm,Delhi Daredevils,field,Rajasthan Royals
Chennai Super Kings,Kings XI Punjab,Wankhede Stadium,NA,8pm,Kings XI Punjab,bat,Chennai Super Kings
Chennai Super Kings,Rajasthan Royals,Dr DY Patil Sports Academy,NA,8pm,Rajasthan Royals,field,Rajasthan Royals
Chennai Super Kings,Mumbai Indians,Newlands,NA,4pm,Chennai Super Kings,field,Mumbai Indians
Royal Challengers Bangalore,Rajasthan Royals,Newlands,NA,8pm,Royal Challengers Bangalore,bat,Royal Challengers Bangalore
Delhi Daredevils,Kings XI Punjab,Newlands,NA,4pm,Delhi Daredevils,field,Delhi Daredevils
Deccan Chargers,Kolkata Knight Riders,Newlands,NA,8pm,Kolkata Knight Riders,bat,Deccan Chargers
Royal Challengers Bangalore,Chennai Super Kings,St George's Park,NA,8pm,Chennai Super Kings,bat,Chennai Super Kings
Kings XI Punjab,Kolkata Knight Riders,Kingsmead,NA,4pm,Kolkata Knight Riders,field,Kolkata Knight Riders
Mumbai Indians,Rajasthan Royals,Kingsmead,NA,8pm,NA,NA,NA
Royal Challengers Bangalore,Deccan Chargers,Newlands,NA,8pm,Deccan Chargers,bat,Deccan Chargers
Chennai Super Kings,Delhi Daredevils,Kingsmead,NA,4pm,Delhi Daredevils,bat,Delhi Daredevils
Kolkata Knight Riders,Rajasthan Royals,Newlands,NA,8pm,Kolkata Knight Riders,field,NA
Royal Challengers Bangalore,Kings XI Punjab,Kingsmead,NA,8pm,Royal Challengers Bangalore,bat,Kings XI Punjab
Deccan Chargers,Mumbai Indians,Kingsmead,NA,4pm,Deccan Chargers,bat,Deccan Chargers
Chennai Super Kings,Kolkata Knight Riders,Newlands,NA,8pm,NA,NA,NA
Royal Challengers Bangalore,Delhi Daredevils,St George's Park,NA,4pm,Royal Challengers Bangalore,bat,Delhi Daredevils
Kings XI Punjab,Rajasthan Royals,Newlands,NA,8pm,Kings XI Punjab,bat,Kings XI Punjab
Chennai Super Kings,Deccan Chargers,Kingsmead,NA,4pm,Deccan Chargers,field,Deccan Chargers
Kolkata Knight Riders,Mumbai Indians,St George's Park,NA,8pm,Mumbai Indians,bat,Mumbai Indians
Delhi Daredevils,Rajasthan Royals,SuperSport Park,NA,8pm,Delhi Daredevils,bat,Rajasthan Royals
Royal Challengers Bangalore,Kolkata Knight Riders,Kingsmead,NA,4pm,Kolkata Knight Riders,bat,Royal Challengers Bangalore
Kings XI Punjab,Mumbai Indians,Kingsmead,NA,8pm,Kings XI Punjab,bat,Kings XI Punjab
Deccan Chargers,Delhi Daredevils,SuperSport Park,NA,4pm,Delhi Daredevils,field,Delhi Daredevils
Chennai Super Kings,Rajasthan Royals,SuperSport Park,NA,8pm,Rajasthan Royals,field,Chennai Super Kings
Kolkata Knight Riders,Mumbai Indians,Buffalo Park,NA,4pm,Mumbai Indians,bat,Mumbai Indians
Royal Challengers Bangalore,Kings XI Punjab,Kingsmead,NA,8pm,Royal Challengers Bangalore,bat,Royal Challengers Bangalore
Deccan Chargers,Rajasthan Royals,St George's Park,NA,4pm,Deccan Chargers,bat,Rajasthan Royals
Chennai Super Kings,Delhi Daredevils,New Wanderers Stadium,NA,8pm,Delhi Daredevils,field,Chennai Super Kings
Kings XI Punjab,Kolkata Knight Riders,St George's Park,NA,4pm,Kolkata Knight Riders,bat,Kings XI Punjab
Royal Challengers Bangalore,Mumbai Indians,New Wanderers Stadium,NA,8pm,Mumbai Indians,bat,Royal Challengers Bangalore
Chennai Super Kings,Deccan Chargers,Buffalo Park,NA,8pm,Chennai Super Kings,bat,Chennai Super Kings
Kings XI Punjab,Rajasthan Royals,Kingsmead,NA,4pm,Kings XI Punjab,field,Rajasthan Royals
Delhi Daredevils,Kolkata Knight Riders,Kingsmead,NA,8pm,Kolkata Knight Riders,bat,Delhi Daredevils
Deccan Chargers,Mumbai Indians,SuperSport Park,NA,8pm,Deccan Chargers,bat,Deccan Chargers
Royal Challengers Bangalore,Rajasthan Royals,SuperSport Park,NA,4pm,Rajasthan Royals,field,Rajasthan Royals
Chennai Super Kings,Kings XI Punjab,SuperSport Park,NA,8pm,Chennai Super Kings,bat,Chennai Super Kings
Delhi Daredevils,Mumbai Indians,Buffalo Park,NA,8pm,Mumbai Indians,bat,Delhi Daredevils
Deccan Chargers,Kings XI Punjab,De Beers Diamond Oval,NA,4pm,Kings XI Punjab,field,Kings XI Punjab
Chennai Super Kings,Rajasthan Royals,De Beers Diamond Oval,NA,8pm,Rajasthan Royals,bat,Chennai Super Kings
Royal Challengers Bangalore,Mumbai Indians,St George's Park,NA,4pm,Mumbai Indians,bat,Mumbai Indians
Delhi Daredevils,Kolkata Knight Riders,New Wanderers Stadium,NA,8pm,Delhi Daredevils,field,Delhi Daredevils
Deccan Chargers,Rajasthan Royals,De Beers Diamond Oval,NA,8pm,Deccan Chargers,bat,Deccan Chargers
Royal Challengers Bangalore,Kolkata Knight Riders,SuperSport Park,NA,4pm,Royal Challengers Bangalore,field,Royal Challengers Bangalore
Kings XI Punjab,Mumbai Indians,SuperSport Park,NA,8pm,Kings XI Punjab,bat,Mumbai Indians
Deccan Chargers,Delhi Daredevils,Kingsmead,NA,8pm,Deccan Chargers,field,Delhi Daredevils
Royal Challengers Bangalore,Chennai Super Kings,Kingsmead,NA,4pm,Chennai Super Kings,bat,Royal Challengers Bangalore
Mumbai Indians,Rajasthan Royals,Kingsmead,NA,8pm,Rajasthan Royals,bat,Rajasthan Royals
Delhi Daredevils,Kings XI Punjab,OUTsurance Oval,NA,8pm,Kings XI Punjab,field,Kings XI Punjab
Chennai Super Kings,Mumbai Indians,St George's Park,NA,4pm,Mumbai Indians,bat,Chennai Super Kings
Deccan Chargers,Kolkata Knight Riders,New Wanderers Stadium,NA,8pm,Deccan Chargers,field,Deccan Chargers
Deccan Chargers,Kings XI Punjab,New Wanderers Stadium,NA,4pm,Deccan Chargers,field,Kings XI Punjab
Delhi Daredevils,Rajasthan Royals,OUTsurance Oval,NA,8pm,Delhi Daredevils,bat,Delhi Daredevils
Chennai Super Kings,Kolkata Knight Riders,SuperSport Park,NA,8pm,Chennai Super Kings,bat,Kolkata Knight Riders
Royal Challengers Bangalore,Delhi Daredevils,New Wanderers Stadium,NA,8pm,Delhi Daredevils,bat,Royal Challengers Bangalore
Kolkata Knight Riders,Rajasthan Royals,Kingsmead,NA,4pm,Kolkata Knight Riders,field,Kolkata Knight Riders
Chennai Super Kings,Kings XI Punjab,Kingsmead,NA,8pm,Chennai Super Kings,bat,Chennai Super Kings
Delhi Daredevils,Mumbai Indians,SuperSport Park,NA,4pm,Delhi Daredevils,field,Delhi Daredevils
Royal Challengers Bangalore,Deccan Chargers,SuperSport Park,NA,8pm,Royal Challengers Bangalore,bat,Royal Challengers Bangalore
Delhi Daredevils,Deccan Chargers,SuperSport Park,NA,8pm,Deccan Chargers,field,Deccan Chargers
Royal Challengers Bangalore,Chennai Super Kings,New Wanderers Stadium,NA,8pm,Royal Challengers Bangalore,field,Royal Challengers Bangalore
Royal Challengers Bangalore,Deccan Chargers,New Wanderers Stadium,NA,8pm,Royal Challengers Bangalore,field,Deccan Chargers
Deccan Chargers,Kolkata Knight Riders,Dr DY Patil Sports Academy,NA,8pm,Deccan Chargers,field,Kolkata Knight Riders
Mumbai Indians,Rajasthan Royals,Brabourne Stadium,Team 1,4pm,Mumbai Indians,bat,Mumbai Indians
Kings XI Punjab,Delhi Daredevils,"Punjab Cricket Association Stadium, Mohali",Team 1,8pm,Delhi Daredevils,field,Delhi Daredevils
Kolkata Knight Riders,Royal Challengers Bangalore,Eden Gardens,Team 1,4pm,Kolkata Knight Riders,field,Kolkata Knight Riders
Chennai Super Kings,Deccan Chargers,"MA Chidambaram Stadium, Chepauk",Team 1,8pm,Deccan Chargers,bat,Deccan Chargers
Rajasthan Royals,Delhi Daredevils,"Sardar Patel Stadium, Motera",Team 1,8pm,Delhi Daredevils,field,Delhi Daredevils
Royal Challengers Bangalore,Kings XI Punjab,M Chinnaswamy Stadium,Team 1,4pm,Kings XI Punjab,bat,Royal Challengers Bangalore
Kolkata Knight Riders,Chennai Super Kings,Eden Gardens,Team 1,8pm,Chennai Super Kings,bat,Chennai Super Kings
Delhi Daredevils,Mumbai Indians,Feroz Shah Kotla,Team 1,8pm,Delhi Daredevils,field,Mumbai Indians
Royal Challengers Bangalore,Rajasthan Royals,M Chinnaswamy Stadium,Team 1,8pm,Royal Challengers Bangalore,field,Royal Challengers Bangalore
Delhi Daredevils,Chennai Super Kings,Feroz Shah Kotla,Team 1,4pm,Delhi Daredevils,bat,Chennai Super Kings
Deccan Chargers,Kings XI Punjab,Barabati Stadium,Team 1,8pm,Kings XI Punjab,field,Deccan Chargers
Rajasthan Royals,Kolkata Knight Riders,"Sardar Patel Stadium, Motera",Team 1,4pm,Rajasthan Royals,bat,Rajasthan Royals
Mumbai Indians,Royal Challengers Bangalore,Brabourne Stadium,Team 1,8pm,Mumbai Indians,bat,Royal Challengers Bangalore
Deccan Chargers,Delhi Daredevils,Barabati Stadium,Team 1,4pm,Deccan Chargers,bat,Deccan Chargers
Chennai Super Kings,Kings XI Punjab,"MA Chidambaram Stadium, Chepauk",Team 1,8pm,Chennai Super Kings,field,Kings XI Punjab
Mumbai Indians,Kolkata Knight Riders,Brabourne Stadium,Team 1,8pm,Kolkata Knight Riders,bat,Mumbai Indians
Royal Challengers Bangalore,Chennai Super Kings,M Chinnaswamy Stadium,Team 1,8pm,Chennai Super Kings,field,Royal Challengers Bangalore
Kings XI Punjab,Rajasthan Royals,"Punjab Cricket Association Stadium, Mohali",Team 1,8pm,Kings XI Punjab,field,Rajasthan Royals
Royal Challengers Bangalore,Delhi Daredevils,M Chinnaswamy Stadium,Team 1,4pm,Royal Challengers Bangalore,field,Delhi Daredevils
Mumbai Indians,Chennai Super Kings,Brabourne Stadium,Team 1,8pm,Mumbai Indians,field,Mumbai Indians
Rajasthan Royals,Deccan Chargers,"Sardar Patel Stadium, Motera",Team 1,8pm,Deccan Chargers,bat,Rajasthan Royals
Kings XI Punjab,Kolkata Knight Riders,"Punjab Cricket Association Stadium, Mohali",Team 1,8pm,Kolkata Knight Riders,bat,Kolkata Knight Riders
Rajasthan Royals,Chennai Super Kings,"Sardar Patel Stadium, Motera",Team 1,4pm,Rajasthan Royals,bat,Rajasthan Royals
Deccan Chargers,Mumbai Indians,Dr DY Patil Sports Academy,Team 1,8pm,Deccan Chargers,field,Mumbai Indians
Delhi Daredevils,Kolkata Knight Riders,Feroz Shah Kotla,Team 1,8pm,Delhi Daredevils,bat,Delhi Daredevils
Mumbai Indians,Kings XI Punjab,Brabourne Stadium,Team 1,8pm,Mumbai Indians,field,Mumbai Indians
Chennai Super Kings,Royal Challengers Bangalore,"MA Chidambaram Stadium, Chepauk",Team 1,4pm,Royal Challengers Bangalore,bat,Chennai Super Kings
Delhi Daredevils,Rajasthan Royals,Feroz Shah Kotla,Team 1,8pm,Delhi Daredevils,bat,Delhi Daredevils
Kolkata Knight Riders,Deccan Chargers,Eden Gardens,Team 1,8pm,Kolkata Knight Riders,bat,Kolkata Knight Riders
Kings XI Punjab,Royal Challengers Bangalore,"Punjab Cricket Association Stadium, Mohali",Team 1,8pm,Kings XI Punjab,bat,Royal Challengers Bangalore
Chennai Super Kings,Rajasthan Royals,"MA Chidambaram Stadium, Chepauk",Team 1,4pm,Chennai Super Kings,bat,Chennai Super Kings
Mumbai Indians,Deccan Chargers,Brabourne Stadium,Team 1,8pm,Mumbai Indians,bat,Mumbai Indians
Kolkata Knight Riders,Kings XI Punjab,Eden Gardens,Team 1,4pm,Kolkata Knight Riders,bat,Kings XI Punjab
Delhi Daredevils,Royal Challengers Bangalore,Feroz Shah Kotla,Team 1,8pm,Delhi Daredevils,bat,Delhi Daredevils
Deccan Chargers,Rajasthan Royals,"Vidarbha Cricket Association Stadium, Jamtha",Team 1,8pm,Rajasthan Royals,bat,Rajasthan Royals
Chennai Super Kings,Mumbai Indians,"MA Chidambaram Stadium, Chepauk",Team 1,8pm,Chennai Super Kings,bat,Chennai Super Kings
Rajasthan Royals,Kings XI Punjab,Sawai Mansingh Stadium,Team 1,4pm,Kings XI Punjab,bat,Rajasthan Royals
Kolkata Knight Riders,Delhi Daredevils,Eden Gardens,Team 1,8pm,Kolkata Knight Riders,bat,Kolkata Knight Riders
Royal Challengers Bangalore,Deccan Chargers,M Chinnaswamy Stadium,Team 1,8pm,Deccan Chargers,field,Deccan Chargers
Kings XI Punjab,Mumbai Indians,"Punjab Cricket Association Stadium, Mohali",Team 1,8pm,Mumbai Indians,bat,Kings XI Punjab
Deccan Chargers,Chennai Super Kings,"Vidarbha Cricket Association Stadium, Jamtha",Team 1,4pm,Chennai Super Kings,bat,Deccan Chargers
Royal Challengers Bangalore,Kolkata Knight Riders,M Chinnaswamy Stadium,Team 1,8pm,Royal Challengers Bangalore,field,Royal Challengers Bangalore
Delhi Daredevils,Kings XI Punjab,Feroz Shah Kotla,Team 1,4pm,Delhi Daredevils,bat,Kings XI Punjab
Rajasthan Royals,Mumbai Indians,Sawai Mansingh Stadium,Team 1,8pm,Rajasthan Royals,field,Mumbai Indians
Deccan Chargers,Royal Challengers Bangalore,"Vidarbha Cricket Association Stadium, Jamtha",Team 1,8pm,Royal Challengers Bangalore,field,Deccan Chargers
Mumbai Indians,Delhi Daredevils,Brabourne Stadium,Team 1,4pm,Mumbai Indians,bat,Mumbai Indians
Chennai Super Kings,Kolkata Knight Riders,"MA Chidambaram Stadium, Chepauk",Team 1,8pm,Kolkata Knight Riders,bat,Chennai Super Kings
Rajasthan Royals,Royal Challengers Bangalore,Sawai Mansingh Stadium,Team 1,8pm,Rajasthan Royals,bat,Royal Challengers Bangalore
Chennai Super Kings,Delhi Daredevils,"MA Chidambaram Stadium, Chepauk",Team 1,8pm,Chennai Super Kings,bat,Delhi Daredevils
Kings XI Punjab,Deccan Chargers,Himachal Pradesh Cricket Association Stadium,Team 1,8pm,Deccan Chargers,field,Deccan Chargers
Royal Challengers Bangalore,Mumbai Indians,M Chinnaswamy Stadium,Team 1,4pm,Royal Challengers Bangalore,field,Mumbai Indians
Kolkata Knight Riders,Rajasthan Royals,Eden Gardens,Team 1,8pm,Rajasthan Royals,bat,Kolkata Knight Riders
Kings XI Punjab,Chennai Super Kings,Himachal Pradesh Cricket Association Stadium,Team 1,4pm,Chennai Super Kings,field,Chennai Super Kings
Delhi Daredevils,Deccan Chargers,Feroz Shah Kotla,Team 1,8pm,Deccan Chargers,bat,Deccan Chargers
Kolkata Knight Riders,Mumbai Indians,Eden Gardens,Team 1,8pm,Mumbai Indians,bat,Kolkata Knight Riders
Royal Challengers Bangalore,Mumbai Indians,Dr DY Patil Sports Academy,NA,8pm,Mumbai Indians,bat,Mumbai Indians
Chennai Super Kings,Deccan Chargers,Dr DY Patil Sports Academy,Team 2,8pm,Chennai Super Kings,bat,Chennai Super Kings
Royal Challengers Bangalore,Deccan Chargers,Dr DY Patil Sports Academy,Team 2,8pm,Deccan Chargers,bat,Royal Challengers Bangalore
Chennai Super Kings,Mumbai Indians,Dr DY Patil Sports Academy,NA,8pm,Chennai Super Kings,bat,Chennai Super Kings
Chennai Super Kings,Kolkata Knight Riders,"MA Chidambaram Stadium, Chepauk",Team 1,8pm,Chennai Super Kings,bat,Chennai Super Kings
Deccan Chargers,Rajasthan Royals,"Rajiv Gandhi International Stadium, Uppal",Team 1,4pm,Rajasthan Royals,field,Rajasthan Royals
Kochi Tuskers Kerala,Royal Challengers Bangalore,Nehru Stadium,Team 1,8pm,Kochi Tuskers Kerala,bat,Royal Challengers Bangalore
Delhi Daredevils,Mumbai Indians,Feroz Shah Kotla,Team 1,4pm,Delhi Daredevils,bat,Mumbai Indians
Pune Warriors,Kings XI Punjab,Dr DY Patil Sports Academy,Team 1,8pm,Kings XI Punjab,bat,Pune Warriors
Kolkata Knight Riders,Deccan Chargers,Eden Gardens,Team 1,8pm,Kolkata Knight Riders,bat,Kolkata Knight Riders
Rajasthan Royals,Delhi Daredevils,Sawai Mansingh Stadium,Team 1,4pm,Delhi Daredevils,bat,Rajasthan Royals
Royal Challengers Bangalore,Mumbai Indians,M Chinnaswamy Stadium,Team 1,8pm,Mumbai Indians,field,Mumbai Indians
Kings XI Punjab,Chennai Super Kings,"Punjab Cricket Association Stadium, Mohali",Team 1,4pm,Kings XI Punjab,field,Kings XI Punjab
Pune Warriors,Kochi Tuskers Kerala,Dr DY Patil Sports Academy,Team 1,8pm,Kochi Tuskers Kerala,bat,Pune Warriors
Deccan Chargers,Royal Challengers Bangalore,"Rajiv Gandhi International Stadium, Uppal",Team 1,8pm,Royal Challengers Bangalore,field,Deccan Chargers
Rajasthan Royals,Kolkata Knight Riders,Sawai Mansingh Stadium,Team 1,4pm,Kolkata Knight Riders,field,Kolkata Knight Riders
Mumbai Indians,Kochi Tuskers Kerala,Wankhede Stadium,Team 1,8pm,Kochi Tuskers Kerala,field,Kochi Tuskers Kerala
Chennai Super Kings,Royal Challengers Bangalore,"MA Chidambaram Stadium, Chepauk",Team 1,4pm,Chennai Super Kings,bat,Chennai Super Kings
Deccan Chargers,Kings XI Punjab,"Rajiv Gandhi International Stadium, Uppal",Team 1,8pm,Kings XI Punjab,field,Kings XI Punjab
Pune Warriors,Delhi Daredevils,Dr DY Patil Sports Academy,Team 1,4pm,Delhi Daredevils,field,Delhi Daredevils
Kolkata Knight Riders,Rajasthan Royals,Eden Gardens,Team 1,8pm,Kolkata Knight Riders,field,Kolkata Knight Riders
Kochi Tuskers Kerala,Chennai Super Kings,Nehru Stadium,Team 1,8pm,Kochi Tuskers Kerala,field,Kochi Tuskers Kerala
Delhi Daredevils,Deccan Chargers,Feroz Shah Kotla,Team 1,4pm,Deccan Chargers,bat,Deccan Chargers
Royal Challengers Bangalore,Rajasthan Royals,M Chinnaswamy Stadium,Team 1,8pm,NA,NA,NA
Mumbai Indians,Pune Warriors,Wankhede Stadium,Team 1,4pm,Pune Warriors,bat,Mumbai Indians
Kolkata Knight Riders,Kochi Tuskers Kerala,Eden Gardens,Team 1,8pm,Kolkata Knight Riders,field,Kochi Tuskers Kerala
Kings XI Punjab,Rajasthan Royals,"Punjab Cricket Association Stadium, Mohali",Team 1,8pm,Rajasthan Royals,field,Kings XI Punjab
Kolkata Knight Riders,Royal Challengers Bangalore,Eden Gardens,Team 1,4pm,Royal Challengers Bangalore,field,Royal Challengers Bangalore
Mumbai Indians,Chennai Super Kings,Wankhede Stadium,Team 1,8pm,Chennai Super Kings,field,Mumbai Indians
Delhi Daredevils,Kings XI Punjab,Feroz Shah Kotla,Team 1,8pm,Kings XI Punjab,field,Delhi Daredevils
Deccan Chargers,Mumbai Indians,"Rajiv Gandhi International Stadium, Uppal",Team 1,4pm,Deccan Chargers,field,Mumbai Indians
Rajasthan Royals,Kochi Tuskers Kerala,Sawai Mansingh Stadium,Team 1,8pm,Rajasthan Royals,field,Rajasthan Royals
Chennai Super Kings,Pune Warriors,"MA Chidambaram Stadium, Chepauk",Team 1,8pm,Pune Warriors,field,Chennai Super Kings
Delhi Daredevils,Royal Challengers Bangalore,Feroz Shah Kotla,Team 1,8pm,Royal Challengers Bangalore,field,Royal Challengers Bangalore
Pune Warriors,Chennai Super Kings,Dr DY Patil Sports Academy,Team 1,4pm,Pune Warriors,bat,Chennai Super Kings
Kochi Tuskers Kerala,Deccan Chargers,Nehru Stadium,Team 1,8pm,Kochi Tuskers Kerala,field,Deccan Chargers
Delhi Daredevils,Kolkata Knight Riders,Feroz Shah Kotla,Team 1,8pm,Delhi Daredevils,field,Kolkata Knight Riders
Rajasthan Royals,Mumbai Indians,Sawai Mansingh Stadium,Team 1,4pm,Rajasthan Royals,field,Rajasthan Royals
Royal Challengers Bangalore,Pune Warriors,M Chinnaswamy Stadium,Team 1,8pm,Pune Warriors,field,Royal Challengers Bangalore
Kochi Tuskers Kerala,Delhi Daredevils,Nehru Stadium,Team 1,4pm,Delhi Daredevils,bat,Delhi Daredevils
Kolkata Knight Riders,Kings XI Punjab,Eden Gardens,Team 1,8pm,Kolkata Knight Riders,field,Kolkata Knight Riders
Rajasthan Royals,Pune Warriors,Sawai Mansingh Stadium,Team 1,4pm,Rajasthan Royals,field,Rajasthan Royals
Chennai Super Kings,Deccan Chargers,"MA Chidambaram Stadium, Chepauk",Team 1,8pm,Chennai Super Kings,bat,Chennai Super Kings
Mumbai Indians,Kings XI Punjab,Wankhede Stadium,Team 1,4pm,Kings XI Punjab,field,Mumbai Indians
Delhi Daredevils,Kochi Tuskers Kerala,Feroz Shah Kotla,Team 1,8pm,Kochi Tuskers Kerala,field,Kochi Tuskers Kerala
Deccan Chargers,Kolkata Knight Riders,"Rajiv Gandhi International Stadium, Uppal",Team 1,8pm,Deccan Chargers,field,Kolkata Knight Riders
Chennai Super Kings,Rajasthan Royals,"MA Chidambaram Stadium, Chepauk",Team 1,4pm,Rajasthan Royals,bat,Chennai Super Kings
Pune Warriors,Mumbai Indians,Dr DY Patil Sports Academy,Team 1,8pm,Pune Warriors,field,Mumbai Indians
Kochi Tuskers Kerala,Kolkata Knight Riders,Nehru Stadium,Team 1,4pm,Kolkata Knight Riders,field,Kochi Tuskers Kerala
Deccan Chargers,Delhi Daredevils,"Rajiv Gandhi International Stadium, Uppal",Team 1,8pm,Delhi Daredevils,field,Delhi Daredevils
Royal Challengers Bangalore,Kings XI Punjab,M Chinnaswamy Stadium,Team 1,8pm,Kings XI Punjab,field,Royal Challengers Bangalore
Kolkata Knight Riders,Chennai Super Kings,Eden Gardens,Team 1,4pm,Chennai Super Kings,bat,Kolkata Knight Riders
Mumbai Indians,Delhi Daredevils,Wankhede Stadium,Team 1,8pm,Delhi Daredevils,field,Mumbai Indians
Royal Challengers Bangalore,Kochi Tuskers Kerala,M Chinnaswamy Stadium,Team 1,4pm,Kochi Tuskers Kerala,bat,Royal Challengers Bangalore
Kings XI Punjab,Pune Warriors,"Punjab Cricket Association Stadium, Mohali",Team 1,8pm,Kings XI Punjab,bat,Pune Warriors
Rajasthan Royals,Chennai Super Kings,Sawai Mansingh Stadium,Team 1,8pm,Rajasthan Royals,field,Chennai Super Kings
Deccan Chargers,Pune Warriors,"Rajiv Gandhi International Stadium, Uppal",Team 1,4pm,Deccan Chargers,bat,Pune Warriors
Kings XI Punjab,Mumbai Indians,"Punjab Cricket Association Stadium, Mohali",Team 1,8pm,Mumbai Indians,field,Kings XI Punjab
Rajasthan Royals,Royal Challengers Bangalore,Sawai Mansingh Stadium,Team 1,8pm,Royal Challengers Bangalore,field,Royal Challengers Bangalore
Chennai Super Kings,Delhi Daredevils,"MA Chidambaram Stadium, Chepauk",Team 1,8pm,Chennai Super Kings,bat,Chennai Super Kings
Kochi Tuskers Kerala,Kings XI Punjab,Holkar Cricket Stadium,Team 1,8pm,Kings XI Punjab,field,Kings XI Punjab
Royal Challengers Bangalore,Kolkata Knight Riders,M Chinnaswamy Stadium,Team 1,4pm,Royal Challengers Bangalore,field,Royal Challengers Bangalore
Mumbai Indians,Deccan Chargers,Wankhede Stadium,Team 1,8pm,Deccan Chargers,bat,Deccan Chargers
Kings XI Punjab,Delhi Daredevils,Himachal Pradesh Cricket Association Stadium,Team 1,4pm,Delhi Daredevils,field,Kings XI Punjab
Kochi Tuskers Kerala,Rajasthan Royals,Holkar Cricket Stadium,Team 1,8pm,Kochi Tuskers Kerala,field,Kochi Tuskers Kerala
Pune Warriors,Deccan Chargers,Dr DY Patil Sports Academy,Team 1,8pm,Deccan Chargers,field,Deccan Chargers
Kings XI Punjab,Royal Challengers Bangalore,Himachal Pradesh Cricket Association Stadium,Team 1,8pm,Kings XI Punjab,bat,Kings XI Punjab
Chennai Super Kings,Kochi Tuskers Kerala,"MA Chidambaram Stadium, Chepauk",Team 1,8pm,Chennai Super Kings,bat,Chennai Super Kings
Pune Warriors,Kolkata Knight Riders,Dr DY Patil Sports Academy,Team 1,8pm,Kolkata Knight Riders,field,Kolkata Knight Riders
Mumbai Indians,Rajasthan Royals,Wankhede Stadium,Team 1,8pm,Mumbai Indians,bat,Rajasthan Royals
Kings XI Punjab,Deccan Chargers,Himachal Pradesh Cricket Association Stadium,Team 1,4pm,Kings XI Punjab,field,Deccan Chargers
Delhi Daredevils,Pune Warriors,Feroz Shah Kotla,Team 1,8pm,Delhi Daredevils,bat,NA
Royal Challengers Bangalore,Chennai Super Kings,M Chinnaswamy Stadium,Team 1,4pm,Royal Challengers Bangalore,field,Royal Challengers Bangalore
Kolkata Knight Riders,Mumbai Indians,Eden Gardens,Team 1,8pm,Mumbai Indians,field,Mumbai Indians
Royal Challengers Bangalore,Chennai Super Kings,Wankhede Stadium,NA,8pm,Chennai Super Kings,field,Chennai Super Kings
Mumbai Indians,Kolkata Knight Riders,Wankhede Stadium,Team 1,8pm,Mumbai Indians,field,Mumbai Indians
Royal Challengers Bangalore,Mumbai Indians,"MA Chidambaram Stadium, Chepauk",NA,8pm,Mumbai Indians,field,Royal Challengers Bangalore
Chennai Super Kings,Royal Challengers Bangalore,"MA Chidambaram Stadium, Chepauk",Team 1,8pm,Chennai Super Kings,bat,Chennai Super Kings
Chennai Super Kings,Mumbai Indians,"MA Chidambaram Stadium, Chepauk",Team 1,8pm,Mumbai Indians,field,Mumbai Indians
Kolkata Knight Riders,Delhi Daredevils,Eden Gardens,Team 1,8pm,Delhi Daredevils,field,Delhi Daredevils
Mumbai Indians,Pune Warriors,Wankhede Stadium,Team 1,4pm,Mumbai Indians,field,Pune Warriors
Rajasthan Royals,Kings XI Punjab,Sawai Mansingh Stadium,Team 1,8pm,Kings XI Punjab,field,Rajasthan Royals
Royal Challengers Bangalore,Delhi Daredevils,M Chinnaswamy Stadium,Team 1,4pm,Delhi Daredevils,field,Royal Challengers Bangalore
Deccan Chargers,Chennai Super Kings,Dr. Y.S. Rajasekhara Reddy ACA-VDCA Cricket Stadium,Team 1,8pm,Deccan Chargers,field,Chennai Super Kings
Rajasthan Royals,Kolkata Knight Riders,Sawai Mansingh Stadium,Team 1,4pm,Kolkata Knight Riders,field,Rajasthan Royals
Pune Warriors,Kings XI Punjab,Subrata Roy Sahara Stadium,Team 1,8pm,Pune Warriors,bat,Pune Warriors
Deccan Chargers,Mumbai Indians,Dr. Y.S. Rajasekhara Reddy ACA-VDCA Cricket Stadium,Team 1,8pm,Deccan Chargers,bat,Mumbai Indians
Royal Challengers Bangalore,Kolkata Knight Riders,M Chinnaswamy Stadium,Team 1,4pm,Royal Challengers Bangalore,field,Kolkata Knight Riders
Delhi Daredevils,Chennai Super Kings,Feroz Shah Kotla,Team 1,8pm,Delhi Daredevils,field,Delhi Daredevils
Mumbai Indians,Rajasthan Royals,Wankhede Stadium,Team 1,8pm,Rajasthan Royals,field,Mumbai Indians
Chennai Super Kings,Royal Challengers Bangalore,"MA Chidambaram Stadium, Chepauk",Team 1,4pm,Royal Challengers Bangalore,bat,Chennai Super Kings
Kings XI Punjab,Pune Warriors,"Punjab Cricket Association Stadium, Mohali",Team 1,8pm,Kings XI Punjab,field,Kings XI Punjab
Kolkata Knight Riders,Rajasthan Royals,Eden Gardens,Team 1,8pm,Rajasthan Royals,bat,Kolkata Knight Riders
Pune Warriors,Chennai Super Kings,Subrata Roy Sahara Stadium,Team 1,8pm,Chennai Super Kings,bat,Pune Warriors
Kolkata Knight Riders,Kings XI Punjab,Eden Gardens,Team 1,4pm,Kolkata Knight Riders,field,Kings XI Punjab
Royal Challengers Bangalore,Rajasthan Royals,M Chinnaswamy Stadium,Team 1,8pm,Rajasthan Royals,bat,Rajasthan Royals
Mumbai Indians,Delhi Daredevils,Wankhede Stadium,Team 1,8pm,Delhi Daredevils,field,Delhi Daredevils
Rajasthan Royals,Deccan Chargers,Sawai Mansingh Stadium,Team 1,4pm,Deccan Chargers,bat,Rajasthan Royals
Royal Challengers Bangalore,Pune Warriors,M Chinnaswamy Stadium,Team 1,8pm,Pune Warriors,bat,Royal Challengers Bangalore
Kings XI Punjab,Kolkata Knight Riders,"Punjab Cricket Association Stadium, Mohali",Team 1,8pm,Kings XI Punjab,bat,Kolkata Knight Riders
Delhi Daredevils,Deccan Chargers,Feroz Shah Kotla,Team 1,4pm,Deccan Chargers,bat,Delhi Daredevils
Chennai Super Kings,Pune Warriors,"MA Chidambaram Stadium, Chepauk",Team 1,8pm,Pune Warriors,field,Chennai Super Kings
Kings XI Punjab,Royal Challengers Bangalore,"Punjab Cricket Association Stadium, Mohali",Team 1,8pm,Royal Challengers Bangalore,field,Royal Challengers Bangalore
Chennai Super Kings,Rajasthan Royals,"MA Chidambaram Stadium, Chepauk",Team 1,4pm,Rajasthan Royals,bat,Chennai Super Kings
Delhi Daredevils,Pune Warriors,Feroz Shah Kotla,Team 1,8pm,Delhi Daredevils,field,Pune Warriors
Mumbai Indians,Kings XI Punjab,Wankhede Stadium,Team 1,4pm,Mumbai Indians,bat,Kings XI Punjab
Deccan Chargers,Kolkata Knight Riders,Barabati Stadium,Team 1,8pm,Kolkata Knight Riders,field,Kolkata Knight Riders
Rajasthan Royals,Royal Challengers Bangalore,Sawai Mansingh Stadium,Team 1,8pm,Rajasthan Royals,field,Royal Challengers Bangalore
Pune Warriors,Delhi Daredevils,Subrata Roy Sahara Stadium,Team 1,4pm,Pune Warriors,bat,Delhi Daredevils
Kolkata Knight Riders,Deccan Chargers,Eden Gardens,Team 1,8pm,NA,NA,NA
Kings XI Punjab,Mumbai Indians,"Punjab Cricket Association Stadium, Mohali",Team 1,4pm,Kings XI Punjab,bat,Mumbai Indians
Chennai Super Kings,Royal Challengers Bangalore,M Chinnaswamy Stadium,Team 2,8pm,Royal Challengers Bangalore,field,NA
Pune Warriors,Deccan Chargers,Subrata Roy Sahara Stadium,Team 1,8pm,Deccan Chargers,bat,Deccan Chargers
Delhi Daredevils,Mumbai Indians,Feroz Shah Kotla,Team 1,8pm,Mumbai Indians,field,Delhi Daredevils
Chennai Super Kings,Kings XI Punjab,"MA Chidambaram Stadium, Chepauk",Team 1,4pm,Kings XI Punjab,bat,Kings XI Punjab
Kolkata Knight Riders,Royal Challengers Bangalore,Eden Gardens,Team 1,8pm,Kolkata Knight Riders,bat,Kolkata Knight Riders
Delhi Daredevils,Rajasthan Royals,Feroz Shah Kotla,Team 1,4pm,Delhi Daredevils,bat,Delhi Daredevils
Mumbai Indians,Deccan Chargers,Wankhede Stadium,Team 1,8pm,Mumbai Indians,field,Mumbai Indians
Chennai Super Kings,Kolkata Knight Riders,"MA Chidambaram Stadium, Chepauk",Team 1,8pm,Chennai Super Kings,bat,Kolkata Knight Riders
Deccan Chargers,Pune Warriors,Barabati Stadium,Team 1,4pm,Deccan Chargers,bat,Deccan Chargers
Rajasthan Royals,Delhi Daredevils,Sawai Mansingh Stadium,Team 1,8pm,Rajasthan Royals,bat,Delhi Daredevils
Royal Challengers Bangalore,Kings XI Punjab,M Chinnaswamy Stadium,Team 1,8pm,Kings XI Punjab,field,Kings XI Punjab
Pune Warriors,Mumbai Indians,Subrata Roy Sahara Stadium,Team 1,8pm,Mumbai Indians,bat,Mumbai Indians
Chennai Super Kings,Deccan Chargers,"MA Chidambaram Stadium, Chepauk",Team 1,8pm,Chennai Super Kings,bat,Chennai Super Kings
Kolkata Knight Riders,Pune Warriors,Eden Gardens,Team 1,4pm,Kolkata Knight Riders,bat,Kolkata Knight Riders
Kings XI Punjab,Rajasthan Royals,"Punjab Cricket Association Stadium, Mohali",Team 1,8pm,Rajasthan Royals,bat,Rajasthan Royals
Mumbai Indians,Chennai Super Kings,Wankhede Stadium,Team 1,4pm,Mumbai Indians,field,Mumbai Indians
Royal Challengers Bangalore,Deccan Chargers,M Chinnaswamy Stadium,Team 1,8pm,Royal Challengers Bangalore,field,Royal Challengers Bangalore
Delhi Daredevils,Kolkata Knight Riders,Feroz Shah Kotla,Team 1,8pm,Delhi Daredevils,bat,Kolkata Knight Riders
Pune Warriors,Rajasthan Royals,Subrata Roy Sahara Stadium,Team 1,4pm,Pune Warriors,bat,Rajasthan Royals
Deccan Chargers,Kings XI Punjab,"Rajiv Gandhi International Stadium, Uppal",Team 1,8pm,Deccan Chargers,field,Kings XI Punjab
Mumbai Indians,Royal Challengers Bangalore,Wankhede Stadium,Team 1,8pm,Royal Challengers Bangalore,field,Royal Challengers Bangalore
Deccan Chargers,Delhi Daredevils,"Rajiv Gandhi International Stadium, Uppal",Team 1,4pm,Deccan Chargers,bat,Delhi Daredevils
Rajasthan Royals,Chennai Super Kings,Sawai Mansingh Stadium,Team 1,8pm,Chennai Super Kings,field,Chennai Super Kings
Pune Warriors,Royal Challengers Bangalore,Subrata Roy Sahara Stadium,Team 1,8pm,Pune Warriors,field,Royal Challengers Bangalore
Kolkata Knight Riders,Mumbai Indians,Eden Gardens,Team 1,4pm,Mumbai Indians,bat,Mumbai Indians
Chennai Super Kings,Delhi Daredevils,"MA Chidambaram Stadium, Chepauk",Team 1,8pm,Chennai Super Kings,field,Chennai Super Kings
Rajasthan Royals,Pune Warriors,Sawai Mansingh Stadium,Team 1,4pm,Rajasthan Royals,bat,Rajasthan Royals
Kings XI Punjab,Deccan Chargers,"Punjab Cricket Association Stadium, Mohali",Team 1,8pm,Deccan Chargers,bat,Kings XI Punjab
Royal Challengers Bangalore,Mumbai Indians,M Chinnaswamy Stadium,Team 1,4pm,Mumbai Indians,field,Mumbai Indians
Kolkata Knight Riders,Chennai Super Kings,Eden Gardens,Team 1,8pm,Chennai Super Kings,field,Chennai Super Kings
Delhi Daredevils,Kings XI Punjab,Feroz Shah Kotla,Team 1,8pm,Kings XI Punjab,bat,Delhi Daredevils
Mumbai Indians,Kolkata Knight Riders,Wankhede Stadium,Team 1,8pm,Mumbai Indians,field,Kolkata Knight Riders
Kings XI Punjab,Chennai Super Kings,Himachal Pradesh Cricket Association Stadium,Team 1,4pm,Kings XI Punjab,field,Kings XI Punjab
Delhi Daredevils,Royal Challengers Bangalore,Feroz Shah Kotla,Team 1,8pm,Delhi Daredevils,field,Royal Challengers Bangalore
Deccan Chargers,Rajasthan Royals,"Rajiv Gandhi International Stadium, Uppal",Team 1,8pm,Rajasthan Royals,bat,Deccan Chargers
Kings XI Punjab,Delhi Daredevils,Himachal Pradesh Cricket Association Stadium,Team 1,4pm,Delhi Daredevils,field,Delhi Daredevils
Pune Warriors,Kolkata Knight Riders,Subrata Roy Sahara Stadium,Team 1,8pm,Kolkata Knight Riders,bat,Kolkata Knight Riders
Deccan Chargers,Royal Challengers Bangalore,"Rajiv Gandhi International Stadium, Uppal",Team 1,4pm,Royal Challengers Bangalore,field,Deccan Chargers
Rajasthan Royals,Mumbai Indians,Sawai Mansingh Stadium,Team 1,8pm,Rajasthan Royals,bat,Mumbai Indians
Delhi Daredevils,Kolkata Knight Riders,Subrata Roy Sahara Stadium,NA,8pm,Kolkata Knight Riders,bat,Kolkata Knight Riders
Chennai Super Kings,Mumbai Indians,M Chinnaswamy Stadium,NA,8pm,Mumbai Indians,field,Chennai Super Kings
Delhi Daredevils,Chennai Super Kings,"MA Chidambaram Stadium, Chepauk",Team 2,8pm,Delhi Daredevils,field,Chennai Super Kings
Kolkata Knight Riders,Chennai Super Kings,"MA Chidambaram Stadium, Chepauk",Team 2,8pm,Chennai Super Kings,bat,Kolkata Knight Riders
Kolkata Knight Riders,Delhi Daredevils,Eden Gardens,Team 1,8pm,Kolkata Knight Riders,field,Kolkata Knight Riders
Royal Challengers Bangalore,Mumbai Indians,M Chinnaswamy Stadium,Team 1,8pm,Mumbai Indians,field,Royal Challengers Bangalore
Sunrisers Hyderabad,Pune Warriors,"Rajiv Gandhi International Stadium, Uppal",Team 1,8pm,Pune Warriors,field,Sunrisers Hyderabad
Delhi Daredevils,Rajasthan Royals,Feroz Shah Kotla,Team 1,4pm,Rajasthan Royals,bat,Rajasthan Royals
Chennai Super Kings,Mumbai Indians,"MA Chidambaram Stadium, Chepauk",Team 1,8pm,Mumbai Indians,bat,Mumbai Indians
Pune Warriors,Kings XI Punjab,Subrata Roy Sahara Stadium,Team 1,4pm,Pune Warriors,bat,Kings XI Punjab
Sunrisers Hyderabad,Royal Challengers Bangalore,"Rajiv Gandhi International Stadium, Uppal",Team 1,8pm,Royal Challengers Bangalore,bat,Sunrisers Hyderabad
Rajasthan Royals,Kolkata Knight Riders,Sawai Mansingh Stadium,Team 1,8pm,Kolkata Knight Riders,field,Rajasthan Royals
Royal Challengers Bangalore,Sunrisers Hyderabad,M Chinnaswamy Stadium,Team 1,4pm,Sunrisers Hyderabad,bat,Royal Challengers Bangalore
Mumbai Indians,Delhi Daredevils,Wankhede Stadium,Team 1,8pm,Mumbai Indians,bat,Mumbai Indians
Kings XI Punjab,Chennai Super Kings,"Punjab Cricket Association Stadium, Mohali",Team 1,8pm,Chennai Super Kings,field,Chennai Super Kings
Royal Challengers Bangalore,Kolkata Knight Riders,M Chinnaswamy Stadium,Team 1,4pm,Royal Challengers Bangalore,field,Royal Challengers Bangalore
Pune Warriors,Rajasthan Royals,Subrata Roy Sahara Stadium,Team 1,8pm,Rajasthan Royals,bat,Pune Warriors
Delhi Daredevils,Sunrisers Hyderabad,Feroz Shah Kotla,Team 1,8pm,Delhi Daredevils,bat,Sunrisers Hyderabad
Mumbai Indians,Pune Warriors,Wankhede Stadium,Team 1,4pm,Mumbai Indians,bat,Mumbai Indians
Chennai Super Kings,Royal Challengers Bangalore,"MA Chidambaram Stadium, Chepauk",Team 1,8pm,Chennai Super Kings,field,Chennai Super Kings
Kolkata Knight Riders,Sunrisers Hyderabad,Eden Gardens,Team 1,4pm,Kolkata Knight Riders,bat,Kolkata Knight Riders
Rajasthan Royals,Kings XI Punjab,Sawai Mansingh Stadium,Team 1,8pm,Rajasthan Royals,field,Rajasthan Royals
Chennai Super Kings,Pune Warriors,"MA Chidambaram Stadium, Chepauk",Team 1,8pm,Pune Warriors,bat,Pune Warriors
Kings XI Punjab,Kolkata Knight Riders,"Punjab Cricket Association Stadium, Mohali",Team 1,4pm,Kolkata Knight Riders,field,Kings XI Punjab
Royal Challengers Bangalore,Delhi Daredevils,M Chinnaswamy Stadium,Team 1,8pm,Royal Challengers Bangalore,field,Royal Challengers Bangalore
Pune Warriors,Sunrisers Hyderabad,Subrata Roy Sahara Stadium,Team 1,4pm,Pune Warriors,field,Sunrisers Hyderabad
Rajasthan Royals,Mumbai Indians,Sawai Mansingh Stadium,Team 1,8pm,Rajasthan Royals,bat,Rajasthan Royals
Delhi Daredevils,Chennai Super Kings,Feroz Shah Kotla,Team 1,8pm,Chennai Super Kings,bat,Chennai Super Kings
Sunrisers Hyderabad,Kings XI Punjab,"Rajiv Gandhi International Stadium, Uppal",Team 1,8pm,Kings XI Punjab,bat,Sunrisers Hyderabad
Kolkata Knight Riders,Chennai Super Kings,Eden Gardens,Team 1,4pm,Kolkata Knight Riders,bat,Chennai Super Kings
Royal Challengers Bangalore,Rajasthan Royals,M Chinnaswamy Stadium,Team 1,8pm,Royal Challengers Bangalore,field,Royal Challengers Bangalore
Delhi Daredevils,Mumbai Indians,Feroz Shah Kotla,Team 1,4pm,Mumbai Indians,bat,Delhi Daredevils
Kings XI Punjab,Pune Warriors,"Punjab Cricket Association Stadium, Mohali",Team 1,8pm,Kings XI Punjab,field,Kings XI Punjab
Chennai Super Kings,Rajasthan Royals,"MA Chidambaram Stadium, Chepauk",Team 1,8pm,Rajasthan Royals,bat,Chennai Super Kings
Royal Challengers Bangalore,Pune Warriors,M Chinnaswamy Stadium,Team 1,4pm,Pune Warriors,field,Royal Challengers Bangalore
Delhi Daredevils,Kings XI Punjab,Feroz Shah Kotla,Team 1,8pm,Kings XI Punjab,field,Kings XI Punjab
Kolkata Knight Riders,Mumbai Indians,Eden Gardens,Team 1,8pm,Kolkata Knight Riders,bat,Mumbai Indians
Chennai Super Kings,Sunrisers Hyderabad,"MA Chidambaram Stadium, Chepauk",Team 1,8pm,Sunrisers Hyderabad,bat,Chennai Super Kings
Kolkata Knight Riders,Kings XI Punjab,Eden Gardens,Team 1,8pm,Kings XI Punjab,bat,Kolkata Knight Riders
Rajasthan Royals,Sunrisers Hyderabad,Sawai Mansingh Stadium,Team 1,4pm,Sunrisers Hyderabad,bat,Rajasthan Royals
Mumbai Indians,Royal Challengers Bangalore,Wankhede Stadium,Team 1,8pm,Mumbai Indians,bat,Mumbai Indians
Chennai Super Kings,Kolkata Knight Riders,"MA Chidambaram Stadium, Chepauk",Team 1,4pm,Kolkata Knight Riders,field,Chennai Super Kings
Delhi Daredevils,Pune Warriors,Shaheed Veer Narayan Singh International Stadium,Team 1,8pm,Pune Warriors,field,Delhi Daredevils
Rajasthan Royals,Royal Challengers Bangalore,Sawai Mansingh Stadium,Team 1,4pm,Rajasthan Royals,field,Rajasthan Royals
Mumbai Indians,Kings XI Punjab,Wankhede Stadium,Team 1,8pm,Mumbai Indians,bat,Mumbai Indians
Pune Warriors,Chennai Super Kings,Subrata Roy Sahara Stadium,Team 1,8pm,Chennai Super Kings,bat,Chennai Super Kings
Sunrisers Hyderabad,Mumbai Indians,"Rajiv Gandhi International Stadium, Uppal",Team 1,4pm,Mumbai Indians,bat,Sunrisers Hyderabad
Delhi Daredevils,Kolkata Knight Riders,Shaheed Veer Narayan Singh International Stadium,Team 1,8pm,Kolkata Knight Riders,bat,Delhi Daredevils
Chennai Super Kings,Kings XI Punjab,"MA Chidambaram Stadium, Chepauk",Team 1,4pm,Chennai Super Kings,bat,Chennai Super Kings
Pune Warriors,Royal Challengers Bangalore,Subrata Roy Sahara Stadium,Team 1,8pm,Royal Challengers Bangalore,bat,Royal Challengers Bangalore
Kolkata Knight Riders,Rajasthan Royals,Eden Gardens,Team 1,8pm,Rajasthan Royals,bat,Kolkata Knight Riders
Sunrisers Hyderabad,Delhi Daredevils,"Rajiv Gandhi International Stadium, Uppal",Team 1,8pm,Delhi Daredevils,bat,Sunrisers Hyderabad
Mumbai Indians,Chennai Super Kings,Wankhede Stadium,Team 1,4pm,Mumbai Indians,bat,Mumbai Indians
Rajasthan Royals,Pune Warriors,Sawai Mansingh Stadium,Team 1,8pm,Pune Warriors,bat,Rajasthan Royals
Kings XI Punjab,Royal Challengers Bangalore,"Punjab Cricket Association Stadium, Mohali",Team 1,8pm,Kings XI Punjab,field,Kings XI Punjab
Rajasthan Royals,Delhi Daredevils,Sawai Mansingh Stadium,Team 1,4pm,Delhi Daredevils,bat,Rajasthan Royals
Mumbai Indians,Kolkata Knight Riders,Wankhede Stadium,Team 1,8pm,Mumbai Indians,bat,Mumbai Indians
Sunrisers Hyderabad,Chennai Super Kings,"Rajiv Gandhi International Stadium, Uppal",Team 1,8pm,Sunrisers Hyderabad,field,Chennai Super Kings
Kings XI Punjab,Rajasthan Royals,"Punjab Cricket Association Stadium, Mohali",Team 1,4pm,Rajasthan Royals,field,Rajasthan Royals
Pune Warriors,Kolkata Knight Riders,Subrata Roy Sahara Stadium,Team 1,8pm,Kolkata Knight Riders,bat,Kolkata Knight Riders
Delhi Daredevils,Royal Challengers Bangalore,Feroz Shah Kotla,Team 1,8pm,Delhi Daredevils,field,Royal Challengers Bangalore
Pune Warriors,Mumbai Indians,Subrata Roy Sahara Stadium,Team 1,4pm,Pune Warriors,bat,Mumbai Indians
Kings XI Punjab,Sunrisers Hyderabad,"Punjab Cricket Association Stadium, Mohali",Team 1,8pm,Kings XI Punjab,field,Sunrisers Hyderabad
Kolkata Knight Riders,Royal Challengers Bangalore,JSCA International Stadium Complex,Team 1,4pm,Kolkata Knight Riders,field,Kolkata Knight Riders
Rajasthan Royals,Chennai Super Kings,Sawai Mansingh Stadium,Team 1,8pm,Rajasthan Royals,field,Rajasthan Royals
Mumbai Indians,Sunrisers Hyderabad,Wankhede Stadium,Team 1,8pm,Sunrisers Hyderabad,bat,Mumbai Indians
Royal Challengers Bangalore,Kings XI Punjab,M Chinnaswamy Stadium,Team 1,4pm,Kings XI Punjab,field,Kings XI Punjab
Chennai Super Kings,Delhi Daredevils,"MA Chidambaram Stadium, Chepauk",Team 1,8pm,Chennai Super Kings,bat,Chennai Super Kings
Kolkata Knight Riders,Pune Warriors,JSCA International Stadium Complex,Team 1,4pm,Kolkata Knight Riders,field,Pune Warriors
Mumbai Indians,Rajasthan Royals,Wankhede Stadium,Team 1,8pm,Rajasthan Royals,field,Mumbai Indians
Kings XI Punjab,Delhi Daredevils,Himachal Pradesh Cricket Association Stadium,Team 1,8pm,Delhi Daredevils,field,Kings XI Punjab
Sunrisers Hyderabad,Rajasthan Royals,"Rajiv Gandhi International Stadium, Uppal",Team 1,8pm,Sunrisers Hyderabad,bat,Sunrisers Hyderabad
Kings XI Punjab,Mumbai Indians,Himachal Pradesh Cricket Association Stadium,Team 1,4pm,Mumbai Indians,field,Kings XI Punjab
Royal Challengers Bangalore,Chennai Super Kings,M Chinnaswamy Stadium,Team 1,8pm,Chennai Super Kings,field,Royal Challengers Bangalore
Pune Warriors,Delhi Daredevils,Subrata Roy Sahara Stadium,Team 1,4pm,Pune Warriors,bat,Pune Warriors
Sunrisers Hyderabad,Kolkata Knight Riders,"Rajiv Gandhi International Stadium, Uppal",Team 1,8pm,Kolkata Knight Riders,bat,Sunrisers Hyderabad
Chennai Super Kings,Mumbai Indians,Feroz Shah Kotla,NA,8pm,Chennai Super Kings,bat,Chennai Super Kings
Rajasthan Royals,Sunrisers Hyderabad,Feroz Shah Kotla,NA,8pm,Sunrisers Hyderabad,bat,Rajasthan Royals
Mumbai Indians,Rajasthan Royals,Eden Gardens,NA,8pm,Rajasthan Royals,bat,Mumbai Indians
Chennai Super Kings,Mumbai Indians,Eden Gardens,NA,8pm,Mumbai Indians,bat,Mumbai Indians
Mumbai Indians,Kolkata Knight Riders,Sheikh Zayed Stadium,NA,8pm,Kolkata Knight Riders,bat,Kolkata Knight Riders
Delhi Daredevils,Royal Challengers Bangalore,Sharjah Cricket Stadium,NA,8pm,Royal Challengers Bangalore,field,Royal Challengers Bangalore
Chennai Super Kings,Kings XI Punjab,Sheikh Zayed Stadium,NA,4pm,Chennai Super Kings,bat,Kings XI Punjab
Sunrisers Hyderabad,Rajasthan Royals,Sheikh Zayed Stadium,NA,8pm,Rajasthan Royals,field,Rajasthan Royals
Royal Challengers Bangalore,Mumbai Indians,Dubai International Cricket Stadium,NA,4pm,Royal Challengers Bangalore,field,Royal Challengers Bangalore
Kolkata Knight Riders,Delhi Daredevils,Dubai International Cricket Stadium,NA,8pm,Kolkata Knight Riders,bat,Delhi Daredevils
Rajasthan Royals,Kings XI Punjab,Sharjah Cricket Stadium,NA,8pm,Kings XI Punjab,field,Kings XI Punjab
Chennai Super Kings,Delhi Daredevils,Sheikh Zayed Stadium,NA,8pm,Chennai Super Kings,bat,Chennai Super Kings
Kings XI Punjab,Sunrisers Hyderabad,Sharjah Cricket Stadium,NA,8pm,Sunrisers Hyderabad,field,Kings XI Punjab
Rajasthan Royals,Chennai Super Kings,Dubai International Cricket Stadium,NA,8pm,Rajasthan Royals,field,Chennai Super Kings
Royal Challengers Bangalore,Kolkata Knight Riders,Sharjah Cricket Stadium,NA,8pm,Royal Challengers Bangalore,field,Kolkata Knight Riders
Sunrisers Hyderabad,Delhi Daredevils,Dubai International Cricket Stadium,NA,4pm,Sunrisers Hyderabad,bat,Sunrisers Hyderabad
Chennai Super Kings,Mumbai Indians,Dubai International Cricket Stadium,NA,8pm,Mumbai Indians,bat,Chennai Super Kings
Rajasthan Royals,Royal Challengers Bangalore,Sheikh Zayed Stadium,NA,4pm,Rajasthan Royals,field,Rajasthan Royals
Kolkata Knight Riders,Kings XI Punjab,Sheikh Zayed Stadium,NA,8pm,Kolkata Knight Riders,field,Kings XI Punjab
Delhi Daredevils,Mumbai Indians,Sharjah Cricket Stadium,NA,4pm,Mumbai Indians,bat,Delhi Daredevils
Sunrisers Hyderabad,Chennai Super Kings,Sharjah Cricket Stadium,NA,8pm,Sunrisers Hyderabad,bat,Chennai Super Kings
Kings XI Punjab,Royal Challengers Bangalore,Dubai International Cricket Stadium,NA,8pm,Kings XI Punjab,field,Kings XI Punjab
Kolkata Knight Riders,Rajasthan Royals,Sheikh Zayed Stadium,NA,8pm,Rajasthan Royals,bat,Rajasthan Royals
Mumbai Indians,Sunrisers Hyderabad,Dubai International Cricket Stadium,NA,8pm,Mumbai Indians,field,Sunrisers Hyderabad
Chennai Super Kings,Kolkata Knight Riders,JSCA International Stadium Complex,Team 1,8pm,Chennai Super Kings,bat,Chennai Super Kings
Mumbai Indians,Kings XI Punjab,Wankhede Stadium,Team 1,4pm,Kings XI Punjab,bat,Mumbai Indians
Delhi Daredevils,Rajasthan Royals,Feroz Shah Kotla,Team 1,8pm,Rajasthan Royals,field,Rajasthan Royals
Royal Challengers Bangalore,Sunrisers Hyderabad,M Chinnaswamy Stadium,Team 1,8pm,Royal Challengers Bangalore,field,Royal Challengers Bangalore
Rajasthan Royals,Kolkata Knight Riders,"Sardar Patel Stadium, Motera",Team 1,4pm,Kolkata Knight Riders,field,Rajasthan Royals
Delhi Daredevils,Chennai Super Kings,Feroz Shah Kotla,Team 1,8pm,Chennai Super Kings,field,Chennai Super Kings
Mumbai Indians,Royal Challengers Bangalore,Wankhede Stadium,Team 1,8pm,Royal Challengers Bangalore,field,Mumbai Indians
Delhi Daredevils,Kolkata Knight Riders,Feroz Shah Kotla,Team 1,4pm,Delhi Daredevils,bat,Kolkata Knight Riders
Kings XI Punjab,Chennai Super Kings,Barabati Stadium,Team 1,8pm,Chennai Super Kings,field,Kings XI Punjab
Rajasthan Royals,Sunrisers Hyderabad,"Sardar Patel Stadium, Motera",Team 1,8pm,Rajasthan Royals,field,Sunrisers Hyderabad
Royal Challengers Bangalore,Kings XI Punjab,M Chinnaswamy Stadium,Team 1,8pm,Royal Challengers Bangalore,field,Kings XI Punjab
Delhi Daredevils,Sunrisers Hyderabad,Feroz Shah Kotla,Team 1,4pm,Sunrisers Hyderabad,field,Sunrisers Hyderabad
Mumbai Indians,Chennai Super Kings,Wankhede Stadium,Team 1,8pm,Chennai Super Kings,field,Chennai Super Kings
Kings XI Punjab,Kolkata Knight Riders,Barabati Stadium,Team 1,4pm,Kolkata Knight Riders,field,Kolkata Knight Riders
Royal Challengers Bangalore,Rajasthan Royals,M Chinnaswamy Stadium,Team 1,8pm,Royal Challengers Bangalore,bat,Rajasthan Royals
Sunrisers Hyderabad,Mumbai Indians,"Rajiv Gandhi International Stadium, Uppal",Team 1,8pm,Sunrisers Hyderabad,bat,Mumbai Indians
Chennai Super Kings,Rajasthan Royals,JSCA International Stadium Complex,Team 1,4pm,Rajasthan Royals,bat,Chennai Super Kings
Royal Challengers Bangalore,Delhi Daredevils,M Chinnaswamy Stadium,Team 1,8pm,Delhi Daredevils,field,Royal Challengers Bangalore
Sunrisers Hyderabad,Kings XI Punjab,"Rajiv Gandhi International Stadium, Uppal",Team 1,4pm,Kings XI Punjab,field,Kings XI Punjab
Kolkata Knight Riders,Mumbai Indians,Barabati Stadium,Team 1,8pm,Kolkata Knight Riders,field,Kolkata Knight Riders
Rajasthan Royals,Delhi Daredevils,"Sardar Patel Stadium, Motera",Team 1,8pm,Delhi Daredevils,field,Rajasthan Royals
Chennai Super Kings,Royal Challengers Bangalore,JSCA International Stadium Complex,Team 1,4pm,Chennai Super Kings,bat,Royal Challengers Bangalore
Sunrisers Hyderabad,Kolkata Knight Riders,"Rajiv Gandhi International Stadium, Uppal",Team 1,8pm,Sunrisers Hyderabad,bat,Kolkata Knight Riders
Rajasthan Royals,Mumbai Indians,"Sardar Patel Stadium, Motera",Team 1,4pm,Mumbai Indians,bat,Mumbai Indians
Delhi Daredevils,Kings XI Punjab,Feroz Shah Kotla,Team 1,8pm,Kings XI Punjab,field,Kings XI Punjab
Sunrisers Hyderabad,Royal Challengers Bangalore,"Rajiv Gandhi International Stadium, Uppal",Team 1,4pm,Royal Challengers Bangalore,bat,Sunrisers Hyderabad
Kolkata Knight Riders,Chennai Super Kings,Eden Gardens,Team 1,8pm,Kolkata Knight Riders,field,Kolkata Knight Riders
Kings XI Punjab,Mumbai Indians,"Punjab Cricket Association Stadium, Mohali",Team 1,8pm,Mumbai Indians,field,Mumbai Indians
Kolkata Knight Riders,Royal Challengers Bangalore,Eden Gardens,Team 1,4pm,Royal Challengers Bangalore,field,Kolkata Knight Riders
Chennai Super Kings,Sunrisers Hyderabad,JSCA International Stadium Complex,Team 1,8pm,Sunrisers Hyderabad,field,Sunrisers Hyderabad
Mumbai Indians,Delhi Daredevils,Wankhede Stadium,Team 1,4pm,Delhi Daredevils,field,Mumbai Indians
Kings XI Punjab,Rajasthan Royals,"Punjab Cricket Association Stadium, Mohali",Team 1,8pm,Rajasthan Royals,field,Kings XI Punjab
Royal Challengers Bangalore,Chennai Super Kings,M Chinnaswamy Stadium,Team 1,4pm,Chennai Super Kings,field,Chennai Super Kings
Kolkata Knight Riders,Sunrisers Hyderabad,Eden Gardens,Team 1,8pm,Kolkata Knight Riders,field,Kolkata Knight Riders
Kings XI Punjab,Delhi Daredevils,"Punjab Cricket Association Stadium, Mohali",Team 1,4pm,Kings XI Punjab,field,Kings XI Punjab
Mumbai Indians,Rajasthan Royals,Wankhede Stadium,Team 1,8pm,Mumbai Indians,field,Mumbai Indians
Kings XI Punjab,Kolkata Knight Riders,Eden Gardens,Team 2,4pm,Kings XI Punjab,field,Kolkata Knight Riders
Chennai Super Kings,Mumbai Indians,Brabourne Stadium,NA,8pm,Chennai Super Kings,field,Chennai Super Kings
Chennai Super Kings,Kings XI Punjab,Wankhede Stadium,NA,8pm,Chennai Super Kings,field,Kings XI Punjab
Kolkata Knight Riders,Kings XI Punjab,M Chinnaswamy Stadium,NA,8pm,Kolkata Knight Riders,field,Kolkata Knight Riders
Kolkata Knight Riders,Mumbai Indians,Eden Gardens,Team 1,8pm,Kolkata Knight Riders,field,Kolkata Knight Riders
Chennai Super Kings,Delhi Daredevils,"MA Chidambaram Stadium, Chepauk",Team 1,8pm,Delhi Daredevils,field,Chennai Super Kings
Kings XI Punjab,Rajasthan Royals,Maharashtra Cricket Association Stadium,Team 1,8pm,Kings XI Punjab,field,Rajasthan Royals
Chennai Super Kings,Sunrisers Hyderabad,"MA Chidambaram Stadium, Chepauk",Team 1,4pm,Chennai Super Kings,bat,Chennai Super Kings
Kolkata Knight Riders,Royal Challengers Bangalore,Eden Gardens,Team 1,8pm,Royal Challengers Bangalore,field,Royal Challengers Bangalore
Delhi Daredevils,Rajasthan Royals,Feroz Shah Kotla,Team 1,4pm,Rajasthan Royals,field,Rajasthan Royals
Mumbai Indians,Kings XI Punjab,Wankhede Stadium,Team 1,8pm,Mumbai Indians,field,Kings XI Punjab
Royal Challengers Bangalore,Sunrisers Hyderabad,M Chinnaswamy Stadium,Team 1,8pm,Sunrisers Hyderabad,field,Sunrisers Hyderabad
Rajasthan Royals,Mumbai Indians,"Sardar Patel Stadium, Motera",Team 1,8pm,Mumbai Indians,bat,Rajasthan Royals
Kings XI Punjab,Delhi Daredevils,Maharashtra Cricket Association Stadium,Team 1,8pm,Kings XI Punjab,bat,Delhi Daredevils
Sunrisers Hyderabad,Rajasthan Royals,Dr. Y.S. Rajasekhara Reddy ACA-VDCA Cricket Stadium,Team 1,8pm,Rajasthan Royals,field,Rajasthan Royals
Mumbai Indians,Chennai Super Kings,Wankhede Stadium,Team 1,8pm,Mumbai Indians,bat,Chennai Super Kings
Sunrisers Hyderabad,Delhi Daredevils,Dr. Y.S. Rajasekhara Reddy ACA-VDCA Cricket Stadium,Team 1,4pm,Delhi Daredevils,bat,Delhi Daredevils
Kings XI Punjab,Kolkata Knight Riders,Maharashtra Cricket Association Stadium,Team 1,8pm,Kolkata Knight Riders,field,Kolkata Knight Riders
Rajasthan Royals,Chennai Super Kings,"Sardar Patel Stadium, Motera",Team 1,4pm,Chennai Super Kings,bat,Rajasthan Royals
Royal Challengers Bangalore,Mumbai Indians,M Chinnaswamy Stadium,Team 1,8pm,Royal Challengers Bangalore,field,Mumbai Indians
Delhi Daredevils,Kolkata Knight Riders,Feroz Shah Kotla,Team 1,8pm,Kolkata Knight Riders,field,Kolkata Knight Riders
Rajasthan Royals,Kings XI Punjab,"Sardar Patel Stadium, Motera",Team 1,8pm,Kings XI Punjab,field,NA
Sunrisers Hyderabad,Kolkata Knight Riders,Dr. Y.S. Rajasekhara Reddy ACA-VDCA Cricket Stadium,Team 1,4pm,Kolkata Knight Riders,field,Sunrisers Hyderabad
Royal Challengers Bangalore,Chennai Super Kings,M Chinnaswamy Stadium,Team 1,8pm,Royal Challengers Bangalore,field,Chennai Super Kings
Delhi Daredevils,Mumbai Indians,Feroz Shah Kotla,Team 1,8pm,Mumbai Indians,field,Delhi Daredevils
Rajasthan Royals,Royal Challengers Bangalore,"Sardar Patel Stadium, Motera",Team 1,8pm,Royal Challengers Bangalore,field,Royal Challengers Bangalore
Mumbai Indians,Sunrisers Hyderabad,Wankhede Stadium,Team 1,4pm,Mumbai Indians,bat,Mumbai Indians
Chennai Super Kings,Kings XI Punjab,"MA Chidambaram Stadium, Chepauk",Team 1,8pm,Chennai Super Kings,bat,Chennai Super Kings
Kolkata Knight Riders,Rajasthan Royals,Eden Gardens,Team 1,4pm,NA,NA,NA
Delhi Daredevils,Royal Challengers Bangalore,Feroz Shah Kotla,Team 1,8pm,Royal Challengers Bangalore,field,Royal Challengers Bangalore
Kings XI Punjab,Sunrisers Hyderabad,"Punjab Cricket Association Stadium, Mohali",Team 1,8pm,Kings XI Punjab,field,Sunrisers Hyderabad
Chennai Super Kings,Kolkata Knight Riders,"MA Chidambaram Stadium, Chepauk",Team 1,8pm,Kolkata Knight Riders,field,Chennai Super Kings
Royal Challengers Bangalore,Rajasthan Royals,M Chinnaswamy Stadium,Team 1,8pm,Rajasthan Royals,field,NA
Kolkata Knight Riders,Chennai Super Kings,Eden Gardens,Team 1,8pm,Kolkata Knight Riders,field,Kolkata Knight Riders
Delhi Daredevils,Kings XI Punjab,Feroz Shah Kotla,Team 1,4pm,Delhi Daredevils,field,Delhi Daredevils
Mumbai Indians,Rajasthan Royals,Wankhede Stadium,Team 1,8pm,Rajasthan Royals,field,Mumbai Indians
Royal Challengers Bangalore,Kolkata Knight Riders,M Chinnaswamy Stadium,Team 1,4pm,Royal Challengers Bangalore,field,Royal Challengers Bangalore
Sunrisers Hyderabad,Chennai Super Kings,"Rajiv Gandhi International Stadium, Uppal",Team 1,8pm,Chennai Super Kings,field,Sunrisers Hyderabad
Kings XI Punjab,Mumbai Indians,"Punjab Cricket Association Stadium, Mohali",Team 1,4pm,Mumbai Indians,bat,Mumbai Indians
Rajasthan Royals,Delhi Daredevils,Brabourne Stadium,NA,8pm,Delhi Daredevils,field,Rajasthan Royals
Chennai Super Kings,Royal Challengers Bangalore,"MA Chidambaram Stadium, Chepauk",Team 1,4pm,Chennai Super Kings,bat,Chennai Super Kings
Kolkata Knight Riders,Sunrisers Hyderabad,Eden Gardens,Team 1,8pm,Sunrisers Hyderabad,field,Kolkata Knight Riders
Mumbai Indians,Delhi Daredevils,Wankhede Stadium,Team 1,8pm,Delhi Daredevils,bat,Mumbai Indians
Royal Challengers Bangalore,Kings XI Punjab,M Chinnaswamy Stadium,Team 1,8pm,Kings XI Punjab,field,Royal Challengers Bangalore
Rajasthan Royals,Sunrisers Hyderabad,Brabourne Stadium,NA,4pm,Rajasthan Royals,field,Sunrisers Hyderabad
Kolkata Knight Riders,Delhi Daredevils,Eden Gardens,Team 1,8pm,Kolkata Knight Riders,bat,Kolkata Knight Riders
Chennai Super Kings,Mumbai Indians,"MA Chidambaram Stadium, Chepauk",Team 1,8pm,Chennai Super Kings,bat,Mumbai Indians
Kolkata Knight Riders,Kings XI Punjab,Eden Gardens,Team 1,4pm,Kings XI Punjab,bat,Kolkata Knight Riders
Delhi Daredevils,Sunrisers Hyderabad,Shaheed Veer Narayan Singh International Stadium,Team 1,8pm,Sunrisers Hyderabad,bat,Sunrisers Hyderabad
Mumbai Indians,Royal Challengers Bangalore,Wankhede Stadium,Team 1,4pm,Royal Challengers Bangalore,bat,Royal Challengers Bangalore
Chennai Super Kings,Rajasthan Royals,"MA Chidambaram Stadium, Chepauk",Team 1,8pm,Chennai Super Kings,bat,Chennai Super Kings
Sunrisers Hyderabad,Kings XI Punjab,"Rajiv Gandhi International Stadium, Uppal",Team 1,8pm,Sunrisers Hyderabad,bat,Sunrisers Hyderabad
Delhi Daredevils,Chennai Super Kings,Shaheed Veer Narayan Singh International Stadium,Team 1,8pm,Chennai Super Kings,bat,Delhi Daredevils
Kings XI Punjab,Royal Challengers Bangalore,"Punjab Cricket Association Stadium, Mohali",Team 1,8pm,Royal Challengers Bangalore,field,Kings XI Punjab
Mumbai Indians,Kolkata Knight Riders,Wankhede Stadium,Team 1,8pm,Kolkata Knight Riders,field,Mumbai Indians
Sunrisers Hyderabad,Royal Challengers Bangalore,"Rajiv Gandhi International Stadium, Uppal",Team 1,8pm,Sunrisers Hyderabad,bat,Royal Challengers Bangalore
Kings XI Punjab,Chennai Super Kings,"Punjab Cricket Association Stadium, Mohali",Team 1,4pm,Kings XI Punjab,bat,Chennai Super Kings
Rajasthan Royals,Kolkata Knight Riders,Brabourne Stadium,NA,8pm,Rajasthan Royals,bat,Rajasthan Royals
Royal Challengers Bangalore,Delhi Daredevils,M Chinnaswamy Stadium,Team 1,4pm,Royal Challengers Bangalore,field,NA
Sunrisers Hyderabad,Mumbai Indians,"Rajiv Gandhi International Stadium, Uppal",Team 1,8pm,Sunrisers Hyderabad,bat,Mumbai Indians
Chennai Super Kings,Mumbai Indians,Wankhede Stadium,Team 2,8pm,Mumbai Indians,bat,Mumbai Indians
Royal Challengers Bangalore,Rajasthan Royals,Maharashtra Cricket Association Stadium,NA,8pm,Royal Challengers Bangalore,bat,Royal Challengers Bangalore
Chennai Super Kings,Royal Challengers Bangalore,JSCA International Stadium Complex,NA,8pm,Chennai Super Kings,field,Chennai Super Kings
Mumbai Indians,Chennai Super Kings,Eden Gardens,NA,8pm,Chennai Super Kings,field,Mumbai Indians
Mumbai Indians,Rising Pune Supergiants,Wankhede Stadium,Team 1,8pm,Mumbai Indians,bat,Rising Pune Supergiants
Kolkata Knight Riders,Delhi Daredevils,Eden Gardens,Team 1,8pm,Kolkata Knight Riders,field,Kolkata Knight Riders
Kings XI Punjab,Gujarat Lions,"Punjab Cricket Association IS Bindra Stadium, Mohali",Team 1,8pm,Gujarat Lions,field,Gujarat Lions
Royal Challengers Bangalore,Sunrisers Hyderabad,M Chinnaswamy Stadium,Team 1,8pm,Sunrisers Hyderabad,field,Royal Challengers Bangalore
Kolkata Knight Riders,Mumbai Indians,Eden Gardens,Team 1,8pm,Mumbai Indians,field,Mumbai Indians
Gujarat Lions,Rising Pune Supergiants,Saurashtra Cricket Association Stadium,Team 1,8pm,Rising Pune Supergiants,bat,Gujarat Lions
Delhi Daredevils,Kings XI Punjab,Feroz Shah Kotla,Team 1,8pm,Delhi Daredevils,field,Delhi Daredevils
Sunrisers Hyderabad,Kolkata Knight Riders,"Rajiv Gandhi International Stadium, Uppal",Team 1,4pm,Sunrisers Hyderabad,bat,Kolkata Knight Riders
Mumbai Indians,Gujarat Lions,Wankhede Stadium,Team 1,8pm,Gujarat Lions,field,Gujarat Lions
Kings XI Punjab,Rising Pune Supergiants,"Punjab Cricket Association IS Bindra Stadium, Mohali",Team 1,4pm,Rising Pune Supergiants,bat,Kings XI Punjab
Royal Challengers Bangalore,Delhi Daredevils,M Chinnaswamy Stadium,Team 1,8pm,Delhi Daredevils,field,Delhi Daredevils
Sunrisers Hyderabad,Mumbai Indians,"Rajiv Gandhi International Stadium, Uppal",Team 1,8pm,Sunrisers Hyderabad,field,Sunrisers Hyderabad
Kings XI Punjab,Kolkata Knight Riders,"Punjab Cricket Association IS Bindra Stadium, Mohali",Team 1,8pm,Kolkata Knight Riders,field,Kolkata Knight Riders
Mumbai Indians,Royal Challengers Bangalore,Wankhede Stadium,Team 1,8pm,Mumbai Indians,field,Mumbai Indians
Gujarat Lions,Sunrisers Hyderabad,Saurashtra Cricket Association Stadium,Team 1,8pm,Sunrisers Hyderabad,field,Sunrisers Hyderabad
Rising Pune Supergiants,Royal Challengers Bangalore,Maharashtra Cricket Association Stadium,Team 1,8pm,Rising Pune Supergiants,field,Royal Challengers Bangalore
Delhi Daredevils,Mumbai Indians,Feroz Shah Kotla,Team 1,4pm,Mumbai Indians,field,Delhi Daredevils
Sunrisers Hyderabad,Kings XI Punjab,"Rajiv Gandhi International Stadium, Uppal",Team 1,8pm,Sunrisers Hyderabad,field,Sunrisers Hyderabad
Gujarat Lions,Royal Challengers Bangalore,Saurashtra Cricket Association Stadium,Team 1,4pm,Royal Challengers Bangalore,bat,Gujarat Lions
Rising Pune Supergiants,Kolkata Knight Riders,Maharashtra Cricket Association Stadium,Team 1,8pm,Kolkata Knight Riders,field,Kolkata Knight Riders
Kings XI Punjab,Mumbai Indians,"Punjab Cricket Association IS Bindra Stadium, Mohali",Team 1,8pm,Kings XI Punjab,field,Mumbai Indians
Sunrisers Hyderabad,Rising Pune Supergiants,"Rajiv Gandhi International Stadium, Uppal",Team 1,8pm,Rising Pune Supergiants,field,Rising Pune Supergiants
Delhi Daredevils,Gujarat Lions,Feroz Shah Kotla,Team 1,8pm,Delhi Daredevils,field,Gujarat Lions
Mumbai Indians,Kolkata Knight Riders,Wankhede Stadium,Team 1,8pm,Mumbai Indians,field,Mumbai Indians
Rising Pune Supergiants,Gujarat Lions,Maharashtra Cricket Association Stadium,Team 1,8pm,Gujarat Lions,field,Gujarat Lions
Delhi Daredevils,Kolkata Knight Riders,Feroz Shah Kotla,Team 1,4pm,Kolkata Knight Riders,field,Delhi Daredevils
Sunrisers Hyderabad,Royal Challengers Bangalore,"Rajiv Gandhi International Stadium, Uppal",Team 1,8pm,Royal Challengers Bangalore,field,Sunrisers Hyderabad
Gujarat Lions,Kings XI Punjab,Saurashtra Cricket Association Stadium,Team 1,4pm,Gujarat Lions,field,Kings XI Punjab
Rising Pune Supergiants,Mumbai Indians,Maharashtra Cricket Association Stadium,Team 1,8pm,Mumbai Indians,field,Mumbai Indians
Royal Challengers Bangalore,Kolkata Knight Riders,M Chinnaswamy Stadium,Team 1,8pm,Kolkata Knight Riders,field,Kolkata Knight Riders
Gujarat Lions,Delhi Daredevils,Saurashtra Cricket Association Stadium,Team 1,8pm,Delhi Daredevils,field,Delhi Daredevils
Kolkata Knight Riders,Kings XI Punjab,Eden Gardens,Team 1,8pm,Kings XI Punjab,field,Kolkata Knight Riders
Delhi Daredevils,Rising Pune Supergiants,Feroz Shah Kotla,Team 1,8pm,Rising Pune Supergiants,field,Rising Pune Supergiants
Sunrisers Hyderabad,Gujarat Lions,"Rajiv Gandhi International Stadium, Uppal",Team 1,8pm,Sunrisers Hyderabad,field,Sunrisers Hyderabad
Royal Challengers Bangalore,Rising Pune Supergiants,M Chinnaswamy Stadium,Team 1,4pm,Royal Challengers Bangalore,field,Royal Challengers Bangalore
Kings XI Punjab,Delhi Daredevils,"Punjab Cricket Association IS Bindra Stadium, Mohali",Team 1,8pm,Delhi Daredevils,field,Kings XI Punjab
Mumbai Indians,Sunrisers Hyderabad,Dr. Y.S. Rajasekhara Reddy ACA-VDCA Cricket Stadium,Team 1,4pm,Mumbai Indians,field,Sunrisers Hyderabad
Kolkata Knight Riders,Gujarat Lions,Eden Gardens,Team 1,8pm,Gujarat Lions,field,Gujarat Lions
Kings XI Punjab,Royal Challengers Bangalore,"Punjab Cricket Association IS Bindra Stadium, Mohali",Team 1,8pm,Kings XI Punjab,field,Royal Challengers Bangalore
Rising Pune Supergiants,Sunrisers Hyderabad,Dr. Y.S. Rajasekhara Reddy ACA-VDCA Cricket Stadium,Team 1,8pm,Sunrisers Hyderabad,bat,Sunrisers Hyderabad
Royal Challengers Bangalore,Mumbai Indians,M Chinnaswamy Stadium,Team 1,8pm,Mumbai Indians,field,Mumbai Indians
Sunrisers Hyderabad,Delhi Daredevils,"Rajiv Gandhi International Stadium, Uppal",Team 1,8pm,Delhi Daredevils,field,Delhi Daredevils
Mumbai Indians,Kings XI Punjab,Dr. Y.S. Rajasekhara Reddy ACA-VDCA Cricket Stadium,Team 1,8pm,Mumbai Indians,bat,Kings XI Punjab
Royal Challengers Bangalore,Gujarat Lions,M Chinnaswamy Stadium,Team 1,4pm,Gujarat Lions,field,Royal Challengers Bangalore
Kolkata Knight Riders,Rising Pune Supergiants,Eden Gardens,Team 1,8pm,Rising Pune Supergiants,bat,Kolkata Knight Riders
Kings XI Punjab,Sunrisers Hyderabad,"Punjab Cricket Association IS Bindra Stadium, Mohali",Team 1,4pm,Kings XI Punjab,bat,Sunrisers Hyderabad
Mumbai Indians,Delhi Daredevils,Dr. Y.S. Rajasekhara Reddy ACA-VDCA Cricket Stadium,Team 1,8pm,Delhi Daredevils,field,Mumbai Indians
Kolkata Knight Riders,Royal Challengers Bangalore,Eden Gardens,Team 1,8pm,Royal Challengers Bangalore,field,Royal Challengers Bangalore
Rising Pune Supergiants,Delhi Daredevils,Dr. Y.S. Rajasekhara Reddy ACA-VDCA Cricket Stadium,Team 1,8pm,Rising Pune Supergiants,field,Rising Pune Supergiants
Royal Challengers Bangalore,Kings XI Punjab,M Chinnaswamy Stadium,Team 1,8pm,Kings XI Punjab,field,Royal Challengers Bangalore
Gujarat Lions,Kolkata Knight Riders,Green Park,Team 1,8pm,Gujarat Lions,field,Gujarat Lions
Delhi Daredevils,Sunrisers Hyderabad,Shaheed Veer Narayan Singh International Stadium,Team 1,8pm,Delhi Daredevils,field,Delhi Daredevils
Rising Pune Supergiants,Kings XI Punjab,Dr. Y.S. Rajasekhara Reddy ACA-VDCA Cricket Stadium,Team 1,4pm,Kings XI Punjab,bat,Rising Pune Supergiants
Gujarat Lions,Mumbai Indians,Green Park,Team 1,8pm,Gujarat Lions,field,Gujarat Lions
Kolkata Knight Riders,Sunrisers Hyderabad,Eden Gardens,Team 1,4pm,Sunrisers Hyderabad,field,Kolkata Knight Riders
Delhi Daredevils,Royal Challengers Bangalore,Shaheed Veer Narayan Singh International Stadium,Team 1,8pm,Royal Challengers Bangalore,field,Royal Challengers Bangalore
Gujarat Lions,Royal Challengers Bangalore,M Chinnaswamy Stadium,Team 2,8pm,Royal Challengers Bangalore,field,Royal Challengers Bangalore
Sunrisers Hyderabad,Kolkata Knight Riders,Feroz Shah Kotla,NA,8pm,Kolkata Knight Riders,field,Sunrisers Hyderabad
Gujarat Lions,Sunrisers Hyderabad,Feroz Shah Kotla,NA,8pm,Sunrisers Hyderabad,field,Sunrisers Hyderabad
Royal Challengers Bangalore,Sunrisers Hyderabad,M Chinnaswamy Stadium,Team 1,8pm,Sunrisers Hyderabad,bat,Sunrisers Hyderabad
